item_name,viewers,cart_users,buyers,avg_price,units_purchased,revenue,view_to_cart_rate,conversion_rate
Google Navy Speckled Tee,13696,3527,129,29.96,178,4440.0,25.75,0.94
Google Campus Bike Eco Tee Navy,11339,3063,41,24.97,56,1165.0,27.01,0.36
Google Land & Sea Cotton Cap,10796,3569,104,16.95,167,2425.0,33.06,0.96
YouTube Leather Strap Hat Black,10543,3198,67,16.85,102,1065.0,30.33,0.64
Android SM S/F18 Sticker Sheet,10007,2886,96,2.99,186,342.0,28.84,0.96
Android Large Removable Sticker Sheet,9918,2845,50,2.99,134,234.0,28.69,0.5
Google F/C Long Sleeve Tee Charcoal,9640,2548,0,29.95,0,0.0,26.43,0.0
Google Women's Striped L/S,9541,3027,0,28.98,0,0.0,31.73,0.0
YouTube Twill Sandwich Cap Black,9519,2707,87,12.97,113,1299.0,28.44,0.91
Google Sherpa Zip Hoodie Charcoal,9415,2009,92,68.69,115,6397.0,21.34,0.98
Google Speckled Beanie Navy,9314,3062,89,19.94,142,2424.0,32.88,0.96
Google Heather Green Speckled Tee,9052,1843,65,29.91,76,1735.0,20.36,0.72
Google Small Standard Journal Navy,8208,2554,47,12.89,169,992.0,31.12,0.57
Google F/C Long Sleeve Tee Ash,8184,2431,0,29.97,0,0.0,29.7,0.0
Google Land & Sea Journal Set,8106,1894,44,14.96,72,903.0,23.37,0.54
Android Super Hero 3D Framed Art,8050,2180,27,39.84,31,500.0,27.08,0.34
Android Large Trace Journal Black,7988,2360,22,15.93,32,217.0,29.54,0.28
Google Utility Bag Grey,7812,1744,60,9.91,131,846.0,22.32,0.77
Google Eco Tee Black,7683,1826,0,21.94,0,0.0,23.77,0.0
Android Techie 3D Framed Art,7661,2227,36,39.77,41,688.0,29.07,0.47
Google Tee Yellow,7631,2236,33,21.92,39,363.0,29.3,0.43
Android Small Trace Journal Black,7510,2154,14,12.95,31,166.0,28.68,0.19
Google Blue Stojo Cup,7304,1509,37,24.94,59,1240.0,20.66,0.51
Android Iconic Hat Black,7079,2576,28,15.85,35,329.0,36.39,0.4
Google Tee Green,6928,1984,17,21.91,18,164.0,28.64,0.25
YouTube Women's Favorite Tee White,6885,1989,5,21.99,6,56.0,28.89,0.07
Google Laptop Sleeve Charcoal,6861,1425,12,19.99,13,224.0,20.77,0.17
Android Iconic Hat Green,6818,2569,25,15.99,28,391.0,37.68,0.37
Google Land & Sea Nalgene Water Bottle,6782,1406,52,24.93,70,1455.0,20.73,0.77
YouTube Jotter Task Pad,6731,1441,52,2.99,154,413.0,21.41,0.77
Google Land & Sea Mug,6692,1458,36,16.94,63,906.0,21.79,0.54
Google Land & Sea Tech Taco,6670,1438,23,3.99,38,125.0,21.56,0.34
Google Leather Strap Hat Black,6544,2532,34,16.99,57,826.0,38.69,0.52
Google Speckled Beanie Grey,6391,2518,64,19.94,101,1656.0,39.4,1.0
Android Garden Tee Orange,6285,1353,27,28.69,35,585.0,21.53,0.43
Android Iconic Beanie,6161,2503,26,9.99,30,268.0,40.63,0.42
Android Iconic Hat White,5931,2447,23,15.98,29,394.0,41.26,0.39
Google Land & Sea Unisex Tee,5696,1161,0,24.91,0,0.0,20.38,0.0
Google Beekeepers Tee Mint,5207,1298,46,24.68,52,752.0,24.93,0.88
Google Campus Bike Bottle,5020,1319,33,26.95,39,876.0,26.27,0.66
Stan and Friends Tee Green,4962,1267,38,24.65,48,700.0,25.53,0.77
Google Cork Base Tumbler,4904,1360,34,27.94,57,1281.0,27.73,0.69
Google Women's Microfleece Jacket Black,4699,1156,33,74.84,34,2130.0,24.6,0.7
Android Iconic Glass Bottle Green,4680,1365,16,23.91,37,503.0,29.17,0.34
Google Tech Taco,4542,1053,13,3.99,25,81.0,23.18,0.29
Stainless Bent Straw/Cleaner,4499,1293,13,3.95,22,46.0,28.74,0.29
#IamRemarkable Water Bottle,4489,1326,22,14.97,44,543.0,29.54,0.49
Google Mural Bottle,4381,1308,25,23.95,32,624.0,29.86,0.57
Google Cup Cap Tumbler Grey,4349,1290,22,29.93,33,834.0,29.66,0.51
Android Iconic Mug Gray,4295,1260,30,16.98,38,556.0,29.34,0.7
Google Tudes Recycled Tee,4256,1143,21,29.92,23,576.0,26.86,0.49
Google Mouse Pad Navy,4108,1036,25,4.99,43,177.0,25.22,0.61
Google Bottle Cleaner,3905,1144,4,9.99,5,40.0,29.3,0.1
Google Jotter Task Pad,3839,852,11,3.0,38,106.0,22.19,0.29
Google Small Cable Organizer Blue,3757,885,20,2.99,112,273.0,23.56,0.53
#IamRemarkable Ladies T-Shirt,3643,981,25,11.99,32,331.0,26.93,0.69
Android Iconic Pin,3373,741,18,4.0,23,79.0,21.97,0.53
Google LoveHandle Black,3266,710,30,9.97,53,440.0,21.74,0.92
Google Black Tee,3168,692,0,19.54,0,0.0,21.84,0.0
Google Pocket Tee Grey,3107,807,0,28.06,0,0.0,25.97,0.0
Google Cloud  Unisex Zip Hoodie,3087,869,0,68.99,0,0.0,28.15,0.0
Google Unisex Pride Eco-Tee Black,3018,624,0,21.89,0,0.0,20.68,0.0
Google Youth FC Tee Charcoal,2937,723,29,24.93,48,1000.0,24.62,0.99
Google Youth FC Longsleeve Charcoal,2834,669,23,29.9,32,804.0,23.61,0.81
Snowflake Android Cardboard Sculpture,2706,609,23,19.56,27,224.0,22.51,0.85
Google Cambridge Campus Sticker,2572,797,18,1.98,53,56.0,30.99,0.7
Google Confetti Slim Task Pad,2490,705,23,5.92,81,282.0,28.31,0.92
Google Cambridge Campus Zip Hoodie,2424,668,16,57.54,20,667.0,27.56,0.66
Google Aluminum Bottle Red,2407,617,21,7.96,26,175.0,25.63,0.87
Google Women's Eco Tee Black,2291,589,1,21.87,2,35.0,25.71,0.04
Google Cambridge Campus Bottle,2164,614,7,19.88,7,77.0,28.37,0.32
Google Cambridge Campus Unisex Tee,2144,608,13,24.83,13,194.0,28.36,0.61
Google Cambridge Campus Ladies Tee,2141,604,6,24.96,7,106.0,28.21,0.28
Google Cambridge Campus Tote,2113,600,4,10.97,6,36.0,28.4,0.19
Google Chrome Dino Light Up Water Bottle,1973,441,7,23.91,10,191.0,22.35,0.35
Android Iconic Sticker Sheet,1717,545,14,2.99,44,112.0,31.74,0.82
Google Tee Blue,1669,422,16,19.42,21,190.0,25.28,0.96
Google Shoreline Water Bottle,1631,375,10,25.94,11,246.0,22.99,0.61
Google Tee Dark Blue,1528,375,0,23.27,0,0.0,24.54,0.0
Google Recycled Pen Green,1339,316,11,2.0,27,45.0,23.6,0.82
Google Tee F/C Black,1295,429,7,17.74,8,118.0,33.13,0.54
Google Cloth & Pouch Black,1291,340,8,3.99,25,82.0,26.34,0.62
Google Mountain View Campus Unisex Tee,1166,330,7,23.6,10,144.0,28.3,0.6
Google Tonal Tee Coral,1104,257,7,19.36,9,85.0,23.28,0.63